<?xml version="1.0" encoding="utf-8"?>
<ApplicationInstallerManifest>
   <DefaultInstallationDirectory>/Applications/SimTracker/</DefaultInstallationDirectory>
   <ApplicationName>SimTracker</ApplicationName>
   <ExecutableName>application/SimTracker.exe</ExecutableName>
   <GUID>b422483f-9677-4a45-bee3-e54760823463</GUID>
   <ApplicationIcon>default_icon_48.png</ApplicationIcon>
   <Logo>logo4647288514165526104.tmp</Logo>
   <Version>1.1</Version>
   <Summary>SimTracker is a parallel NEURON simulation management tool that supports the modeler at each step of the modeling workflow.</Summary>
   <WelcomePanelText>SimTracker 1.1
SimTracker is a parallel NEURON simulation management tool that supports the modeler at each step of the modeling workflow.

SimTracker provides structured tracking of multiple NEURON model repositories, including their parameter sets, parameters and values, code versions, simulation configurations and results. It also assists with designing new simulations and parameter sets, execution of simulations locally and on supercomputers, uploading of results, standard and customized analyses of models and results, and importantly, organization of simulations, results and analyses. For more information, see: http://mariannebezaire.com/simtracker . SimTracker is open source software, covered by the MIT license.

Marianne Bezaire
marianne.bezaire@gmail.com</WelcomePanelText>
   <MCRProducts>
      <MCRProduct>
         <ExternalProductIdentifier>35000</ExternalProductIdentifier>
      </MCRProduct>
      <MCRProduct>
         <ExternalProductIdentifier>35010</ExternalProductIdentifier>
      </MCRProduct>
   </MCRProducts>
</ApplicationInstallerManifest>